INSERT INTO endereco (id_endereco, rua, numero, complemento, cep, cidade, estado, localizacao) VALUES (1, 'Rua das Flores', '33', '-', '03543-950', 'São Paulo', 'SP', 5);
INSERT INTO endereco (id_endereco, rua, numero, complemento, cep, cidade, estado, localizacao) VALUES (2, 'Rua dos Campos', '144', '-', '03353-980', 'São Paulo', 'SP', 10);

INSERT INTO ong (id_ong, razao_social, cnpj, telefone, id_endereco) VALUES (1, 'ONG Animal Feliz', '11234212342342', '(11)98456-2234', 1);
INSERT INTO ong (id_ong, razao_social, cnpj, telefone, id_endereco) VALUES (2, 'ONG Cantinho dos Animais', '32433455323435', '(11)94356-4432', 2);


INSERT INTO animal (id_animal, nome, raca, idade, porte, tipo_animal, sexo, descricao, foto, id_ong) VALUES (1, 'Lulu', 'sem raça definida', 4, 'pequeno', 'cão', 'fêmea', 'A Lulu é uma cachorrinha que adora brincar com crianças! Extremamente ativa, exige bastante atenção de seus tutores!', 'https://cdn2.thedogapi.com/images/ygzwOZd_L.jpg', 1);

INSERT INTO animal (id_animal, nome, raca, idade, porte, tipo_animal, sexo, descricao, foto, id_ong) VALUES (2, 'Garfield', 'sem raça definida', 2, 'pequeno', 'gato', 'macho', 'O Garfield é um gatinho muito tranquilo. Convive bem com crianças.', 'https://cdn2.thecatapi.com/images/KLSlGHnuP.jpg', 1);

INSERT INTO animal (id_animal, nome, raca, idade, porte, tipo_animal, sexo, descricao, foto, id_ong) VALUES (3, 'Minnie', 'sem raça definida', 2, 'pequeno', 'cão', 'fêmea', 'A Minnie convive muito bem com outros animais.', 'https://cdn2.thedogapi.com/images/WsN7xOoRZ.jpg', 1);

INSERT INTO animal (id_animal, nome, raca, idade, porte, tipo_animal, sexo, descricao, foto, id_ong) VALUES (4, 'Lindinho', 'sem raça definida', 2, 'pequeno', 'gato', 'macho', 'O Lindinho é um gatinho que adora brincar. Convive bem com crianças.', 'https://cdn2.thecatapi.com/images/MKw2u9-bK.png', 2);

INSERT INTO animal (id_animal, nome, raca, idade, porte, tipo_animal, sexo, descricao, foto, id_ong) VALUES (5, 'Laika', 'sem raça definida', 3, 'pequeno', 'cão', 'fêmea', 'A Laika adora carinho e brincadeiras.', 'https://cdn2.thedogapi.com/images/HyWNfxc47_150x150.jpg', 2);

INSERT INTO animal (id_animal, nome, raca, idade, porte, tipo_animal, sexo, descricao, foto, id_ong) VALUES (6, 'Gelatina', 'sem raça definida', 4, 'pequeno', 'cão', 'fêmea', 'A Gelatina adora carinho e brincadeiras.' , 'https://cdn2.thedogapi.com/images/AGwyOtfwl.jpg', 2);

INSERT INTO animal (id_animal, nome, raca, idade, porte, tipo_animal, sexo, descricao, foto, id_ong) VALUES (7, 'Mike', 'sem raça definida', 3, 'grande', 'cão','macho', 'O Mike convive muito bem com outros animais.', 'https://cdn2.thedogapi.com/images/SyYtQe5V7_150x150.jpg', 1);

INSERT INTO animal (id_animal, nome, raca, idade, porte, tipo_animal, sexo, descricao, foto, id_ong) VALUES (8, 'Luke', 'sem raça definida', 5, 'grande', 'cão','macho', 'O Luke é um cãozinho tranquilo que prefere convivência com adultos.', 'https://cdn2.thedogapi.com/images/HkqBYu3SX_150x150.jpg', 1);

INSERT INTO animal (id_animal, nome, raca, idade, porte, tipo_animal, sexo, descricao, foto, id_ong) VALUES (9, 'Luigi', 'sem raça definida', 2, 'grande', 'cão', 'macho', 'O Luigi é um cão ativo que adora passear.', 'https://cdn2.thedogapi.com/images/75owBPNVo.jpg', 1);

INSERT INTO animal (id_animal, nome, raca, idade, porte, tipo_animal, sexo, descricao, foto, id_ong) VALUES (10, 'Aika', 'sem raça definida', 6, 'medio', 'cão', 'fêmea', 'A Aika é tranquila e gosta de ficar sozinha.', 'https://cdn2.thedogapi.com/images/gvoQKU4EN.jpg', 2);

INSERT INTO animal (id_animal, nome, raca, idade, porte, tipo_animal, sexo, descricao, foto, id_ong) VALUES (11, 'Dengoso', 'sem raça definida', 5, 'medio', 'gato', 'macho', 'O Dengoso é um gatinho muito tranquilo. Convive bem com crianças.', 'https://cdn2.thecatapi.com/images/SqsuvPZy4.jpg', 2);

INSERT INTO animal (id_animal, nome, raca, idade, porte, tipo_animal, sexo, descricao, foto, id_ong) VALUES (12, 'Amora', 'sem raça definida', 5, 'medio', 'gato', 'fêmea', 'A amora é tranquila e não gosta de colo.', 'https://cdn2.thecatapi.com/images/1J9-HQ2rt.jpg', 2);